id,area,initial_requirement,legacy_evidence,v3_current,status,final_decision,required_action,priority,owner,evidence,completion_level,required_for_product,required_for_release
A01,Authority / Local,Local final Business Authority; Public never authoritative business DB,dev26 Local DB/handlers; post-UI kept canonical Local services,Local domain services/schema own canonical orders/inventory/finance,KEEP_COMPLETE,Unchanged,Preserve; all new UI/API must call canonical Local owners,P0,local-web,initial 01A/02; V3 Domain services/migrations,PRODUCT_COMPLETE,yes,yes
A02,Component boundaries,Modular monolith; explicit owners; no duplicate handlers,post-UI R2 owner maps/checkpoints,V3 Local/Public/Runtime/Print/contracts split exists; CI path classification exists,KEEP_COMPLETE,Monorepo retained; component scope must become machine-readable,Add root agent-facing component registry with owned/read-only/test/package/update fields,P0,foundation,initial 03/20; V3 component gates,PRODUCT_COMPLETE,yes,yes
A03,Auth / permissions,Same Local accounts/capabilities; minimal Public projection; no second permission system,dev26 auth/users/capabilities; post-UI Public projection added,Local Users/Capabilities/Personnel admin is implemented in G1.2b; Public remote staff/auth product surface remains pending.,G1_G3_PRODUCT_COMPLETE_REAL_ENV_PASS,Unchanged,No remaining product-parity implementation in this capability. Preserve regression coverage through G6 release qualification.,P1,local-web + public-edge,G1 real-DB qualification run 36310431505 + G3.2 remote staff/publisher qualification run 36346184835: PASS.,PRODUCT_COMPLETE,yes,yes
A04,Preparation authorization,shift_supervision global read-only; preparation action only assigned areas,post-UI preparation_permissions implemented and tested,Preparation operational UI/feed/actions now consume canonical Preparation services in G1.3.,G1_PRODUCT_COMPLETE_REAL_DB_PASS,Unchanged,No remaining product-parity implementation in this capability. Preserve regression coverage through G6 release qualification.,P1,local-web,G1 Product Qualification run 36310431505 on MariaDB 11.4.13 plus G1 source/contracts/UI gates: PASS.,PRODUCT_COMPLETE,yes,yes
A05,Realtime Relay,Separate durable realtime queue; no surprise delayed commit,post-UI relay protocol/workers/routes existed,G4.1 cross-component realtime provider/consumer implementation is complete at 97986ec9bf2906dbb674a582d40ea76ec92873ca; final dual-DB qualification remains deferred.,IMPLEMENTATION_COMPLETE_REAL_ENV_PENDING_G4_1,Unchanged,Run DQ-G4.1 and require exact terminal G4.1 Product Qualification: PASS before promotion.,P0,local-web + public-edge,G4.1 source 97986ec9bf2906dbb674a582d40ea76ec92873ca; g4-cross-component parity/source contracts PASS; final real-environment runner prepared.,PRODUCT_OPEN,yes,yes
A06,Deferred-safe work,Separate deferred queue for supply/receipt/waste/count draft/subscriber payment/expense,post-UI deferred framework/workers/review existed,"G4.1 deferred transport, durable Local review and reconciliation implementation is complete at 97986ec9bf2906dbb674a582d40ea76ec92873ca; final dual-DB qualification remains deferred.",IMPLEMENTATION_COMPLETE_REAL_ENV_PENDING_G4_1,Unchanged,Run DQ-G4.1 and require exact terminal G4.1 Product Qualification: PASS before promotion.,P0,local-web + public-edge,G4.1 source 97986ec9bf2906dbb674a582d40ea76ec92873ca; deferred review/reconcile source contracts PASS; final real-environment runner prepared.,PRODUCT_OPEN,yes,yes
A07,Financial period reconciliation,Pending/unknown Public blocks close; late event => review/correction,post-UI dev31 implemented close gate/review,Financial period/tax/settlement workspace UI is implemented on canonical services.,G1_PRODUCT_COMPLETE_REAL_DB_PASS,Unchanged,No remaining product-parity implementation in this capability. Preserve regression coverage through G6 release qualification.,P1,local-web,G1 Product Qualification run 36310431505 on MariaDB 11.4.13 plus G1 source/contracts/UI gates: PASS.,PRODUCT_COMPLETE,yes,yes
A08,Orders / committed workflow,Preserve mature order semantics; Public only transports intent,dev26 canonical create_order + operator/waiter flows,Operator/staff committed-order workflows are implemented in G1.3 on canonical Order services.,G1_PRODUCT_COMPLETE_REAL_DB_PASS,Unchanged,No remaining product-parity implementation in this capability. Preserve regression coverage through G6 release qualification.,P1,local-web,G1 Product Qualification run 36310431505 on MariaDB 11.4.13 plus G1 source/contracts/UI gates: PASS.,PRODUCT_COMPLETE,yes,yes
A09,Table Draft,One server-persistent draft/table; no side effects before Finalize,post-UI added table drafts + staff API/UI,Table Draft operational UI is implemented in G1.3 on canonical TableDraftService.,G1_PRODUCT_COMPLETE_REAL_DB_PASS,Unchanged,No remaining product-parity implementation in this capability. Preserve regression coverage through G6 release qualification.,P1,local-web,G1 Product Qualification run 36310431505 on MariaDB 11.4.13 plus G1 source/contracts/UI gates: PASS.,PRODUCT_COMPLETE,yes,yes
A10,Sellables / Service Item,Explicit menu_item/service_item; never infer type,post-UI added sellable kind + admin item UI,Catalog/Sellables admin UI and CatalogAdminService are implemented in G1.5b.,G1_PRODUCT_COMPLETE_REAL_DB_PASS,Unchanged,No remaining product-parity implementation in this capability. Preserve regression coverage through G6 release qualification.,P1,local-web,G1 Product Qualification run 36310431505 on MariaDB 11.4.13 plus G1 source/contracts/UI gates: PASS.,PRODUCT_COMPLETE,yes,yes
A11,Tax,Optional effective-dated module; snapshot; checkout/receipt parity,post-UI tax module + admin tax UI,Tax settings and finance-facing UI are implemented in G1.4 on canonical TaxService.,G1_PRODUCT_COMPLETE_REAL_DB_PASS,Unchanged,No remaining product-parity implementation in this capability. Preserve regression coverage through G6 release qualification.,P1,local-web,G1 Product Qualification run 36310431505 on MariaDB 11.4.13 plus G1 source/contracts/UI gates: PASS.,PRODUCT_COMPLETE,yes,yes
A12,Inventory,Local authority; deferred waste/count draft; Local finalize,dev26 mature inventory UI/domain; post-UI adapted deferred,Inventory operational UI/count/adjustment flows are implemented in G1.5 on canonical Inventory services.,G1_PRODUCT_COMPLETE_REAL_DB_PASS,Unchanged,No remaining product-parity implementation in this capability. Preserve regression coverage through G6 release qualification.,P1,local-web,G1 Product Qualification run 36310431505 on MariaDB 11.4.13 plus G1 source/contracts/UI gates: PASS.,PRODUCT_COMPLETE,yes,yes
A13,Supply / purchase,Preserve state machine; batch receipt; deferred-safe,dev26 supply; post-UI added batch purchase/deferred,G4.1 Public deferred supply enqueue -> Local canonical owner -> result/review reconciliation implementation is complete; real DB E2E remains deferred.,IMPLEMENTATION_COMPLETE_REAL_ENV_PENDING_G4_1,Unchanged,Run DQ-G4.1 supply E2E on MariaDB 11.4 before promotion.,P1,local-web + public-edge,G4.1 source 97986ec9bf2906dbb674a582d40ea76ec92873ca; cross-component parity contract PASS; DQ-G4.1 covers A13.,PRODUCT_OPEN,yes,yes
A14,Expenses,Simple module; deferred create; reversal/correction; P&L,post-UI expenses UI/domain added,Expenses create/reversal operational UI is implemented in G1.5 on canonical ExpenseService.,G1_PRODUCT_COMPLETE_REAL_DB_PASS,Unchanged,No remaining product-parity implementation in this capability. Preserve regression coverage through G6 release qualification.,P1,local-web,G1 Product Qualification run 36310431505 on MariaDB 11.4.13 plus G1 source/contracts/UI gates: PASS.,PRODUCT_COMPLETE,yes,yes
A15,Settlement / invoices,Canonical financial settlement/reversal/itemized; no delayed unsafe commit,dev26 mature settlement/invoices/operator UI; post-UI preserved,G4.1 Public settlement realtime enqueue -> Local canonical settlement owner -> ACK/result implementation is complete; real DB E2E remains deferred.,IMPLEMENTATION_COMPLETE_REAL_ENV_PENDING_G4_1,Unchanged,Run DQ-G4.1 settlement E2E on MariaDB 11.4 before promotion.,P0,local-web,G4.1 source 97986ec9bf2906dbb674a582d40ea76ec92873ca; cross-component parity contract PASS; DQ-G4.1 covers A15.,PRODUCT_OPEN,yes,yes
A16,Subscribers / customer payments,Customer ledger/payment/reversal; payment may be deferred-safe,dev26 subscribers UI/ledger; post-UI deferred framework expected,G4.1 Public subscriber-payment deferred enqueue -> Local ledger/payment owner -> reconciliation implementation is complete; real DB E2E remains deferred.,IMPLEMENTATION_COMPLETE_REAL_ENV_PENDING_G4_1,Unchanged,Run DQ-G4.1 subscriber payment E2E on MariaDB 11.4 before promotion.,P0,local-web + public-edge,G4.1 source 97986ec9bf2906dbb674a582d40ea76ec92873ca; cross-component parity contract PASS; DQ-G4.1 covers A16.,PRODUCT_OPEN,yes,yes
A17,Guest menu / order,Public primary /menu; table token; degraded snapshot; submit waits for Local commit,post-UI public_edge guest routes/renderers + guest publish,"G3.1 implements the deployable Public /menu surface, table-token context, canonical Guest renderer/SCDS assets and deployable guest order/waiter API routes on the existing realtime compatibility owner. Real DB/E2E qualification remains G3.4. G3.4 real-environment qualification PASS on MariaDB 11.4.13; run 36346184835.",G3_PRODUCT_COMPLETE_REAL_ENV_PASS,Unchanged,No remaining product-parity implementation. Preserve regression coverage through G6 release qualification.,P0,public-edge + local-web,G3.4 run 36346184835/job 108695674279: G2 regression + G3.1/G3.2/G3.3 real-environment acceptance + final Public deploy/update artifact qualification PASS.,PRODUCT_COMPLETE,yes,yes
A18,Waiter calls,Realtime-only; disabled when Local unavailable,dev26 waiter_call routes/UI; post-UI guest compatibility relay,G3.1 exposes the Public waiter-call action in the deployed /menu table surface and routes /api/guest/waiter through GuestCompatibilityHttpAdapter; Local remains canonical owner and stale Local disables the UI. G3.4 real-environment qualification PASS on MariaDB 11.4.13; run 36346184835.,G3_PRODUCT_COMPLETE_REAL_ENV_PASS,Unchanged,No remaining product-parity implementation. Preserve regression coverage through G6 release qualification.,P0,local-web + public-edge,G3.4 run 36346184835/job 108695674279: G2 regression + G3.1/G3.2/G3.3 real-environment acceptance + final Public deploy/update artifact qualification PASS.,PRODUCT_COMPLETE,yes,yes
A19,Remote staff gateway,4G via Public; same auth/capabilities; stale read-only when Local down,post-UI public_edge/staff existed; remote read models/workers,G3.2 implements the Public Remote Staff login/session/read surface with explicit Local remote_access + per-model capability projection. Local now owns signed outbound installation/auth/read-model/Guest publish/availability/heartbeat production via one publisher service and Runtime trigger; Public remains projection/transport only. G3.4 real-environment qualification PASS on MariaDB 11.4.13; run 36346184835.,G3_PRODUCT_COMPLETE_REAL_ENV_PASS,Unchanged,No remaining product-parity implementation. Preserve regression coverage through G6 release qualification.,P0,public-edge + local-web,G3.4 run 36346184835/job 108695674279: G2 regression + G3.1/G3.2/G3.3 real-environment acceptance + final Public deploy/update artifact qualification PASS.,PRODUCT_COMPLETE,yes,yes
A20,Guest publish / availability,Save Local -> Preview -> Publish atomic revision; availability fast-sync,post-UI admin/guest_publish + workers,"G3.2 adds the canonical Local producer for immutable Guest snapshot revisions, availability projection and heartbeat. Producer is shared by manual System Sync and Runtime public.projection_sync trigger; Public GuestPublishService/AvailabilityService remain the only Public storage owners. G3.4 real-environment qualification PASS on MariaDB 11.4.13; run 36346184835.",G3_PRODUCT_COMPLETE_REAL_ENV_PASS,Unchanged,No remaining product-parity implementation. Preserve regression coverage through G6 release qualification.,P0,local-web + public-edge,G3.4 run 36346184835/job 108695674279: G2 regression + G3.1/G3.2/G3.3 real-environment acceptance + final Public deploy/update artifact qualification PASS.,PRODUCT_COMPLETE,yes,yes
A21,Theme engine / packages,"Strict theme package, preview/settings/publish; no direct DB/arbitrary PHP",post-UI source kept guest theme/media direction; package target documented,"G4.2 implementation complete at b107a6a1c65ce232eb066e0335e405aef1740d25: strict JSON-only theme packages, manager preview/settings/publish, Public token-only CSS renderer",IMPLEMENTATION_COMPLETE_REAL_ENV_PENDING,Unchanged product intent,Run DQ-G4.2 final real-environment qualification; promote only after exact PASS terminal,P2,local-web + public-edge,"b107a6a1c65ce232eb066e0335e405aef1740d25; G4.2 source/package contracts + theme self-test PASS; real-env runner prepared, local pdo_mysql unavailable (exit 3)",PRODUCT_OPEN,yes,yes
A22,Media Library,Local source of truth; reusable media; derived images; published replicas,dev26/post-UI media helpers/panel media; Public media publishing added,"G4.2 implementation complete at b107a6a1c65ce232eb066e0335e405aef1740d25: Local content-addressed Media Library, derived guest-card rendition, references/archive/GC, signed Public replica publish",IMPLEMENTATION_COMPLETE_REAL_ENV_PENDING,Unchanged,Run DQ-G4.2 media migration/publish/render/archive-GC E2E in MariaDB 11.4; promote only on PASS,P2,local-web + public-edge,b107a6a1c65ce232eb066e0335e405aef1740d25; G4.2 Media source contract PASS; raster-only hardening across Local/Public; real-env selftest prepared,PRODUCT_OPEN,yes,yes
A23,Central editable guest copy,Central registry for welcome/CTA/status-safe copy,post-UI product language and guest settings existed in legacy settings/UI,G4.2 implementation complete at b107a6a1c65ce232eb066e0335e405aef1740d25: constrained manager-facing central guest copy registry published into immutable guest snapshot and escaped by Public renderer,IMPLEMENTATION_COMPLETE_REAL_ENV_PENDING,Unchanged,Run DQ-G4.2 copy persistence/publish/render E2E; promote only after exact PASS terminal,P2,local-web,b107a6a1c65ce232eb066e0335e405aef1740d25; G4.2 copy registry/source contracts PASS; markup rejection and Public fallback checks prepared for real-env runner,PRODUCT_OPEN,yes,yes
A24,Marketing / campaigns / events,Preserve existing product capability unless explicitly removed,"dev26/post-UI admin marketing, campaigns, events and DB tables exist",G4.3 implementation complete at d92675321b85faf35c817af68f3253f5e91d670a; non-DB close gate PASS; real-environment qualification deferred to consolidated final qualification.,IMPLEMENTATION_COMPLETE_NON_DB_PASS_REAL_ENV_PENDING,Still required: not superseded or marked future-only,Migrate business behavior and SCDS UI; classify Public exposure if any,P2,local-web,G4.3 checkpoint /SOKNA_V3_WORKSTREAM_CHECKPOINTS/G4_REMAINING_PARITY/g4-3-business-extensions/g4-3-implementation-complete-real-env-deferred; source head d92675321b85faf35c817af68f3253f5e91d670a; runner tests/run-g4-3-product-qualification.sh.,PRODUCT_OPEN,yes,yes
A25,Reporting / analytics,Preserve reports/analytics; cached manager read may be shown remotely,"dev26/post-UI reporting.php, activity/operations reports, analytics, metrics tables",G4.3 implementation complete at d92675321b85faf35c817af68f3253f5e91d670a; non-DB close gate PASS; real-environment qualification deferred to consolidated final qualification.,IMPLEMENTATION_COMPLETE_NON_DB_PASS_REAL_ENV_PENDING,Still required,Migrate Local reports/analytics and bounded remote read model producer,P2,local-web + public-edge,G4.3 checkpoint /SOKNA_V3_WORKSTREAM_CHECKPOINTS/G4_REMAINING_PARITY/g4-3-business-extensions/g4-3-implementation-complete-real-env-deferred; source head d92675321b85faf35c817af68f3253f5e91d670a; runner tests/run-g4-3-product-qualification.sh.,PRODUCT_OPEN,yes,yes
A26,Notifications / Push,Local notification authority; durable outbox; Runtime processing; user/task-centric state,dev26/post-UI push tables/worker/preferences/service worker,G4.3 implementation complete at d92675321b85faf35c817af68f3253f5e91d670a; non-DB close gate PASS; real-environment qualification deferred to consolidated final qualification.,IMPLEMENTATION_COMPLETE_NON_DB_PASS_REAL_ENV_PENDING,Unchanged,Migrate outbox/preferences/client UX and Runtime trigger worker; real-device UAT,P2,local-web + windows-runtime + public-edge,G4.3 checkpoint /SOKNA_V3_WORKSTREAM_CHECKPOINTS/G4_REMAINING_PARITY/g4-3-business-extensions/g4-3-implementation-complete-real-env-deferred; source head d92675321b85faf35c817af68f3253f5e91d670a; runner tests/run-g4-3-product-qualification.sh.,PRODUCT_OPEN,yes,yes
A27,Printing business UI,Integrated Local چاپ و پرینترها; durable queue; explicit fallback,dev26/post-UI printing UI/templates + queue,Local printing destinations/agent status/test-job UI is implemented; OS/spooler ownership remains in Print Agent.,G1_PRODUCT_COMPLETE_REAL_DB_PASS,Windows Print Agent remains separate component but one Windows Services installer,No remaining product-parity implementation in this capability. Preserve regression coverage through G6 release qualification.,P1,local-web + windows-services,G1 Product Qualification run 36310431505 on MariaDB 11.4.13 plus G1 source/contracts/UI gates: PASS.,PRODUCT_COMPLETE,yes,yes
A28,Print templates / package,Import/Preview/Test Print/Activate + safe version history,dev26/post-UI print_templates table/UI/designer,"G4.4 implementation complete at 1e7c7ed3bd2960ed3ad89725fc5dc3f5149fed4f; .soknaprint immutable package/version lifecycle, Import/Preview/Test Print/Activate, active-template injection on canonical Print Agent renderer; non-DB close gate PASS; real-environment/physical qualification deferred.",IMPLEMENTATION_COMPLETE_NON_DB_PASS_REAL_ENV_PENDING,Unchanged intent,Migrate template manager and .soknaprint lifecycle on canonical renderer,P2,local-web + print-agent,G4.4 checkpoint /SOKNA_V3_WORKSTREAM_CHECKPOINTS/G4_REMAINING_PARITY/g4-4-print-templates-scds/g4-4-implementation-complete-real-env-deferred; source head 1e7c7ed3bd2960ed3ad89725fc5dc3f5149fed4f; runner tests/run-g4-4-product-qualification.sh; existing /v1/preview bridge retained.,PRODUCT_OPEN,yes,yes
A29,Windows Runtime core,OS integration/supervision/scheduler only; no business authority,post-UI runtime service/worker direction,V3 Windows Runtime service + contract/tests exists,KEEP_COMPLETE,Unchanged,Keep closed unless integration defect,P3,windows-runtime,M7 gates green,PRODUCT_COMPLETE,yes,yes
A30,Print Agent core,"Durable device/spooler execution, ambiguity handling, physical UAT",mature dev26/post-UI print agent lineage,V3 separate Print Agent + tests/contract acceptance exists,ENGINEERING_COMPLETE_UAT_PENDING,Final installer bundles Runtime + Print Agent as Windows Services; not Local/infra,Keep core; later rebuild packaging and run physical printer UAT,P3,print-agent,M8 gates green,RELEASE_BLOCKED,yes,yes
A31,Accommodation integration,Preserve mature settlement/recovery; Local outbound; Public not authority,dev26/post-UI accommodation UI/transport,Accommodation Local search/prepare/charge/void operational UI is implemented on canonical integration owner.,G1_PRODUCT_COMPLETE_REAL_DB_PASS,Unchanged,No remaining product-parity implementation in this capability. Preserve regression coverage through G6 release qualification.,P2,local-web,G1 Product Qualification run 36310431505 on MariaDB 11.4.13 plus G1 source/contracts/UI gates: PASS.,PRODUCT_COMPLETE,yes,yes
A32,SOKNA Center / Core retirement,Historical outbound SOKNA Center/Core integration is cancelled by explicit product decision.,dev26/post-UI personnel/Center UI + projection worker,"Hard-removed from Local, Runtime config, packaging/recovery contracts, DB qualification expectations and active cross-component tests before first external test baseline.",HARD_REMOVED_COMPLETE,RETIRED_BY_PRODUCT_DECISION — remove SOKNA Center/Core integration from final product while preserving independent personnel/business history that is not integration-specific.,None. Preserve R1/G1 anti-regression gates only; Personnel remains independent Local identity.,P0,retired / none,G1.6b2 Local hard removal + R1 commit 3761875a89c81af7ac913cde0e7e5ca77b8e04b4; M7/M9/M10/Foundation/R1 gates PASS,SUPERSEDED,no,no
A33,Backup / business recovery,Encrypted backup/restore; machine-bound identities excluded,dev26/post-UI backup workers/recovery metadata,G2.3 Local business recovery product surface implemented and G2.4 real-environment qualified: encrypted Business Backup create/download/upload/inspect/empty-target restore reuses canonical BusinessBackupService; recovery-set metadata excludes machine-bound identities. Machine takeover/Public switch remains separate A34/G3 scope.,G2_PRODUCT_COMPLETE_REAL_ENV_PASS,Unchanged,No remaining G2 Local action. Machine takeover/re-enrollment remains A34 and G3 scope.,P1,local-web,"G2.4 GitHub Actions run 36336444894, job 108668083226: MariaDB 11.4.13 + pdo_mysql + ZipArchive + sodium; G2 recovery/update qualification PASS; terminal G2 Product Qualification: PASS.",PRODUCT_COMPLETE,yes,yes
A34,Machine takeover,Fresh installation identity; atomic Public A->B switch; revoke old,post-UI Phase8 recovery metadata/takeover work,"G3.3 implements operational A→B machine takeover/re-enrollment through the stable Public Emergency path: one-time enrollment code, fresh B shared secret stored encrypted with sodium, atomic B activation and A revocation, plus Local re-enrollment UX. G3.4 real-environment qualification PASS on MariaDB 11.4.13; run 36346184835.",G3_PRODUCT_COMPLETE_REAL_ENV_PASS,Unchanged,No remaining product-parity implementation. Preserve regression coverage through G6 release qualification.,P1,local-web + public-edge,G3.4 run 36346184835/job 108695674279: G2 regression + G3.1/G3.2/G3.3 real-environment acceptance + final Public deploy/update artifact qualification PASS.,PRODUCT_COMPLETE,yes,yes
A35,Observability / diagnostics,Unified Local health/logs/diagnostics/support bundle; Public status/log surfaced; emergency limited logs,"post-UI observability.php, Phase8 diagnostics","G3.3 completes the Public remainder: signed live diagnostics/health/version/update projection into Local /system/, bounded redacted Public Emergency logs merged into Local diagnostics/support bundle, and independent break-glass limited logs. G3.4 real-environment qualification PASS on MariaDB 11.4.13; run 36346184835.",G3_PRODUCT_COMPLETE_REAL_ENV_PASS,Expanded by final Local Update Center decision,No remaining product-parity implementation. Preserve regression coverage through G6 release qualification.,P0,local-web + all components,G3.4 run 36346184835/job 108695674279: G2 regression + G3.1/G3.2/G3.3 real-environment acceptance + final Public deploy/update artifact qualification PASS.,PRODUCT_COMPLETE,yes,yes
A36,Local Update Center,Routine Local control plane shows Public connectivity/version/sync/publish/status and manages updates,Initial handoff required unified control plane/updater; legacy updater existed,"G3.3 connects the qualified Local Update Center to the Public-owned lifecycle through signed owner APIs: status, stage, activate, repair and rollback. Runtime/Print ownership remains unchanged. G3.4 real-environment qualification PASS on MariaDB 11.4.13; run 36346184835.",G3_PRODUCT_COMPLETE_REAL_ENV_PASS,FINAL: Local centrally shows all components version/health/I/O/status and orchestrates allowed updates,No remaining product-parity implementation. Preserve regression coverage through G6 release qualification.,P0,local-web + packaging/contracts,G3.4 run 36346184835/job 108695674279: G2 regression + G3.1/G3.2/G3.3 real-environment acceptance + final Public deploy/update artifact qualification PASS.,PRODUCT_COMPLETE,yes,yes
A37,Public Emergency Console,Break-glass status/log/recovery/update independent of Local,initial explicitly required; post-UI API draft described console; legacy updater/recovery patterns exist,"G3.3 implements an independent stable Public Emergency Console outside the normal Public front controller, with dedicated break-glass credential, bounded/redacted logs, health/version, verify/stage/activate, repair, rollback, kill switch and takeover controls. G3.4 real-environment qualification PASS on MariaDB 11.4.13; run 36346184835.",G3_PRODUCT_COMPLETE_REAL_ENV_PASS,FINAL: independent Public health/version/update/rollback/recovery when Local path unavailable,No remaining product-parity implementation. Preserve regression coverage through G6 release qualification.,P0,public-edge,G3.4 run 36346184835/job 108695674279: G2 regression + G3.1/G3.2/G3.3 real-environment acceptance + final Public deploy/update artifact qualification PASS.,PRODUCT_COMPLETE,yes,yes
A38,Application updater,Immutable package validate/stage/health/activate/rollback; survives broken release,legacy updater engine stable loader/versioned engines; post-UI retained admin/update,"G3.3 implements the Public-owned updater with immutable package verification, file-set/hash/compatibility/signature checks, stage, recovery point, activate health check, automatic rollback, repair and LKG rollback while preserving stable Emergency owner paths. G3.4 real-environment qualification PASS on MariaDB 11.4.13; run 36346184835.",G3_PRODUCT_COMPLETE_REAL_ENV_PASS,Preserve mature recovery principles; independent updater per web component,No remaining product-parity implementation. Preserve regression coverage through G6 release qualification.,P0,local-web + public-edge + packaging,G3.4 run 36346184835/job 108695674279: G2 regression + G3.1/G3.2/G3.3 real-environment acceptance + final Public deploy/update artifact qualification PASS.,PRODUCT_COMPLETE,yes,yes
A39,Local initial install,Initial installer originally had New/Recover flow,dev26 install.php; post-UI setup flows,"G2.1 Browser Setup is implemented and G2.4 real-environment qualified: standalone /setup/, preflight including PHP zip, MariaDB 11.4.x connection/create, migrations, initial admin/config, installation identity, Runtime token/config, final health, setup lock and safe partial-setup resume.",G2_PRODUCT_COMPLETE_REAL_ENV_PASS,FINAL: Local Web is ZIP/web package; copy to web root then browser wizard; no PS1/EXE installer,No remaining G2 action. Preserve Browser Setup contract during later packaging/release work.,P0,local-web,"G2.4 GitHub Actions run 36336444894, job 108668083226: G2.1 Browser Setup MariaDB self-test PASS and full G2 terminal PASS.",PRODUCT_COMPLETE,yes,yes
A40,Infrastructure,Original target bundled/managed Apache/PHP/MariaDB under Local setup lifecycle,post-UI Phase8 Windows provisioning,G5 replaced Windows infrastructure provisioning with external compatibility policy/checker; legacy Apache/PHP/MariaDB provisioning owners were hard-removed.,G5_IMPLEMENTATION_COMPLETE_REAL_ENV_DEFERRED,FINAL: infrastructure external; SOKNA installer does not own/bundle binaries,Final Windows compatibility/installer qualification remains in DQ-G5; preserve external ownership.,P0,platform-contract,G5 source 23a0ec95117dfe040a5debff99970d055258ed2e; non-DB close gate PASS; DQ-G5 deferred,PRODUCT_OPEN,yes,yes
A41,Windows Services installer,Original/ADR unified Setup composed Platform+Runtime+Print+Local,post-UI/V3 SetupHost/UI/Inno built around unified composition,G5 rewrote SetupHost/UI/Inno as a native Runtime + Print Agent Windows Services package with install/repair/uninstall and strict payload hashing/version fencing.,G5_IMPLEMENTATION_COMPLETE_REAL_ENV_DEFERRED,FINAL: one native installer for Runtime + Print Agent/service lifecycle only,Run DQ-G5 on Windows and only then promote Product Complete.,P0,windows-services-packaging,G5 source 23a0ec95117dfe040a5debff99970d055258ed2e; non-DB close gate PASS; DQ-G5 deferred,PRODUCT_OPEN,yes,yes
A42,Prerequisite acquisition,Original V3 package used offline/preinstalled policy,V3 prerequisites.json automatic_download_allowed=false,G5 implements detect/status plus explicit resumable frozen-HTTPS acquisition with size/SHA-256/AuthentiCode verification and manual-external install guidance; installer never auto-installs shared prerequisites.,G5_IMPLEMENTATION_COMPLETE_REAL_ENV_DEFERRED,FINAL: check installed/version; if absent offer verified online download with size/progress/status OR manual install guidance,Run DQ-G5 download/resume/signature/manual-fallback qualification on Windows before Product Complete.,P0,windows-services-packaging,G5 source 23a0ec95117dfe040a5debff99970d055258ed2e; non-DB close gate PASS; DQ-G5 deferred,PRODUCT_OPEN,yes,yes
A43,Public deploy package,"Public is separate deployable for shared hosting, no daemon/root dependency",post-UI public_edge directory existed,"G3.3 completes the independent Public deploy package control surfaces: hosting document root, guest/remote staff routes, stable emergency.php, Public updater/recovery owners, config template and deterministic deploy/update package builders with runtime config/storage excluded. G3.4 real-environment qualification PASS on MariaDB 11.4.13; run 36346184835.",G3_PRODUCT_COMPLETE_REAL_ENV_PASS,FINAL: independent Public deploy package,No remaining product-parity implementation. Preserve regression coverage through G6 release qualification.,P0,public-edge,G3.4 run 36346184835/job 108695674279: G2 regression + G3.1/G3.2/G3.3 real-environment acceptance + final Public deploy/update artifact qualification PASS.,PRODUCT_COMPLETE,yes,yes
A44,Independent component versions/releases,Initial component lifecycle intent evolved to independently releasable components,post-UI mostly one product version,"G6 provides component-owned version sources and independent artifact pipelines for Local Web, Public Edge, Windows Runtime, Print Agent, Windows Services packaging, and Shared Contracts; compatibility-v2 binds exact versions/contracts without a monolithic version owner.",IMPLEMENTATION_COMPLETE_REAL_ENV_DEFERRED_G6,FINAL: each component independently versioned/releasable; compatibility manifest ties versions/contracts,Run DQ-G6 Windows artifact qualification and final same-commit evidence aggregation; promote only from real evidence.,P0,foundation + packaging,G6 component pipeline registry + compatibility-v2 + deterministic portable artifacts + Windows artifact pipeline; current Workspace Windows qualification deferred.,PRODUCT_OPEN,yes,yes
A45,Agent component workflow,Not explicit in initial handoff; V3 workstreams partly introduced it,workstream docs/CI path classifier exist,"Root COMPONENTS.json schema v2, component registry gate, local-workspace/Library checkpoint policy and fail-closed continuation rules now exist",PRODUCT_COMPLETE,FINAL: agent can fetch/work/commit one component without reopening entire project,Preserve registry/checkpoint policy; extend component fields only with explicit governance evidence,P0,foundation,COMPONENTS.json; tests/component-registry-gate.py; docs/product/WORKSPACE_CHECKPOINT_POLICY_FA.md; Library checkpoint ledger,PRODUCT_COMPLETE,yes,yes
A46,UI / Design System,Final post-UI source is design authority; Persian/RTL/A11y/responsive; no parallel owners,post-UI a46435 has SCDS-CANONICAL-2026-R1 and full product UI,"G4.4 Public/G4 SCDS surface closure complete at 1e7c7ed3bd2960ed3ad89725fc5dc3f5149fed4f; protected G4 Local surfaces use ProductShell/SCDS, Public guest/remote assets remain under scds owners, RTL/responsive/A11y gates PASS, legacy remote-staff innerHTML removed.",IMPLEMENTATION_COMPLETE_NON_DB_PASS_REAL_ENV_PENDING,SCDS-CANONICAL-2026-R1 remains mandatory; backend completion never implies UI completion,Run G1 real-DB close gate; continue Public/G4 UI migration under SCDS.,P0,local-web + public-edge,G4.4 SCDS surface contract + M6 SCDS gate PASS; checkpoint /SOKNA_V3_WORKSTREAM_CHECKPOINTS/G4_REMAINING_PARITY/g4-4-print-templates-scds/g4-4-implementation-complete-real-env-deferred; source head 1e7c7ed3bd2960ed3ad89725fc5dc3f5149fed4f.,PRODUCT_OPEN,yes,yes
A47,Module enable/disable,Optional modules disable without deleting history,post-UI modules UI/registry; settings,Runtime-effective module controls for current Local modules are implemented with dependency checks and history preservation.,G1_PRODUCT_COMPLETE_REAL_DB_PASS,Unchanged,No remaining product-parity implementation in this capability. Preserve regression coverage through G6 release qualification.,P2,local-web,G1 Product Qualification run 36310431505 on MariaDB 11.4.13 plus G1 source/contracts/UI gates: PASS.,PRODUCT_COMPLETE,yes,yes
A48,Users / settings / admin control,Routine administration Local-only,dev26/post-UI admin/users/settings/modules/qr/tables pages,"Users/capabilities, Personnel, Local settings, modules, tables and QR token lifecycle admin surfaces are implemented.",G1_PRODUCT_COMPLETE_REAL_DB_PASS,Unchanged,No remaining product-parity implementation in this capability. Preserve regression coverage through G6 release qualification.,P1,local-web,G1 Product Qualification run 36310431505 on MariaDB 11.4.13 plus G1 source/contracts/UI gates: PASS.,PRODUCT_COMPLETE,yes,yes
A49,Tables / hall / active sessions,Preserve Hall/Tables and operational sessions,dev26/post-UI tables/operator/session flows; table_session_clients existed,Table management/session-aware deactivation and QR token lifecycle are implemented; operational table workflows exist.,G1_PRODUCT_COMPLETE_REAL_DB_PASS,Unchanged,No remaining product-parity implementation in this capability. Preserve regression coverage through G6 release qualification.,P1,local-web,G1 Product Qualification run 36310431505 on MariaDB 11.4.13 plus G1 source/contracts/UI gates: PASS.,PRODUCT_COMPLETE,yes,yes
A50,Release qualification,Final requires clean install/update/recovery/support docs + full fault/UAT matrix,post-UI had phase checkpoints; V3 M10 automated green,"G6 replaces the stale monolithic final gate with cross-platform qualification producers, exact-terminal evidence capture, same-commit aggregation, and a GitHub workflow that joins Linux/MariaDB and Windows artifact evidence.",IMPLEMENTATION_COMPLETE_REAL_ENV_DEFERRED_G6,FINAL: add Product Parity Gate before M9/M10/manual UAT,Run .github/workflows/g6-final-qualification.yml on the final transferred source and require exact terminal G6 Final Product Qualification: PASS before promotion/manual UAT.,P0,release,G6 preflight covers every PRODUCT_OPEN capability exactly once across DQ-G4.1..DQ-G6; final aggregator rejects missing/different-head evidence.,PRODUCT_OPEN,yes,yes
A51,Global Search / Command Palette,Persistent top-bar search across operational Local entities and settings with contextual actions.,New explicitly requested capability; no legacy parity requirement.,Provider-based permission-aware Global Search/Command Palette is implemented in Local shell with Persian normalization and indexed prefix queries.,G1_PRODUCT_COMPLETE_REAL_DB_PASS,"Add to Local product. Search must be permission-safe, contextual, indexed/bounded, Persian-normalized, and action-oriented rather than a blind full-database scan.",No remaining product-parity implementation in this capability. Preserve regression coverage through G6 release qualification.,P1,local-web,G1 Product Qualification run 36310431505 on MariaDB 11.4.13 plus G1 source/contracts/UI gates: PASS.,PRODUCT_COMPLETE,yes,yes
A52,Staff Consumption / Benefits / Personnel Account,"Manage staff consumption benefits, employee payable balances, inventory/cost effects and auditable history with simple staff UX.",New explicitly requested capability; analysis document supplied by user; Frozen personnel identity decisions recorded in docs 13/14.,"ADR-F1-001 frozen. F1.1–F1.6 implementation complete and F1.7 real MariaDB qualification PASS. Qualified product source HEAD c851eb418a27a34579cd601d7f650b4027b14afa; GitHub Actions run 36330824258, job 108652273849, MariaDB 11.4.13-MariaDB-ubu2404. Self/proxy/zero-payable/Benefit-vs-Waiver, Staff Account, Inventory/Preparation/Printing, UI/reporting and G1 regressions all passed.",F1_PRODUCT_COMPLETE_REAL_DB_PASS,"Required feature. Frozen identity/proxy/zero-payable/Benefit-vs-Waiver decisions remain. ADR-F1-001 freezes hybrid domain architecture: independent Staff Consumption/Benefit/Account authority, explicit non-table order context, operational Order projection, dedicated Staff Account Ledger, no fake table/session and no Subscriber-ledger identity reuse.",Preserve as qualified product capability. Do not reopen F1 absent real defect evidence; continue with G2 Local Setup / Observability / Update.,P1,local-web business authority; cross-domain integration,"F1.1–F1.7 durable checkpoints; real MariaDB qualification PASS on run 36330824258; job 108652273849; artifact 10934794140; qualified source c851eb418a27a34579cd601d7f650b4027b14afa; workflow transport head 414db98c43fa70dd70f2487bf71a907f7d312992; terminal ""F1 Product Qualification: PASS"".",PRODUCT_COMPLETE,yes,yes
