legacy_scope,legacy_owner_path,capability,v3_owner,treatment,data_owner,contract_boundary,behavior_ui_rule,tests_gates,legacy_cleanup,risk_notes,status
"Auth/Permissions","includes/auth.php; users; user_capabilities; user_preparation_areas","Authentication and capability authority","apps/local-web","refactor_then_migrate","Local Web","Local/Public auth projection contract","Preserve capability semantics; no second permission system","capability matrix; projection; replay; unauthorized route tests","Retire duplicate permission inference after consumers migrate","High: remote projection must never become authority","in_progress"
"Orders - guest/local","api/create_order.php; order services; menu flow","Canonical order mutation and validation","apps/local-web","refactor_then_migrate","Local Web","Public/Local realtime mutation contract","Preserve valid order outcomes; UI migrates through SCDS audit/correct flow","0003_m5_orders.sql; local-m5-orders-selftest.php; M5 Orders Gate 36253424745; V3 Component Gates 36253424830","Remove route/service duplicates once canonical Local owner is established","Blocker-class business authority","migrated"
"Orders - staff/table draft","staff/api_quick_order.php; includes/staff_order_service.php; includes/table_draft.php","Staff Quick Order and server-persistent table draft","apps/local-web","refactor_then_migrate","Local Web","Remote realtime adapter only; version/conflict contract","Preserve draft/finalize semantics; correct rejected UI debt under SCDS","M5 Table Draft Gate 36254200135; optimistic conflict; realtime actor revalidation; finalize idempotency","Retire stale client-authoritative/parallel draft owners","High: exactly one active draft per table and no pre-finalize business side effect","migrated"
"Sellables","includes/sellable.php; items; admin/items.php; menu catalog","Explicit menu_item/service_item semantics","apps/local-web","migrate","Local Web","Published catalog contract to Public","No inference from category/station/name/recipe; SCDS for admin/catalog UI","0002_m5_sellables.sql; local-m5-sellables-selftest.php; M5 Sellables Gate 36244864710; V3 Component Gates 36244864724","Retire legacy inference helpers where still present","Medium","migrated"
"Tax","includes/tax.php; Phase6F historical owner","Optional effective-dated Tax owner","apps/local-web","refactor_then_migrate","Local Web","Immutable Order snapshots now; Settlement/Accommodation consumers in later owner slices","Preserve pre-tax catalog/order meaning and historical snapshots","M5 Tax Gate 36259999682; golden rounding; effective history; immutable Order snapshots","Retire duplicate tax calculation after finance consumers migrate","High","migrated"
"Inventory","includes/inventory.php; admin/inventory*.php","Inventory authority and movements","apps/local-web","refactor_then_migrate","Local Web","Deferred-safe ingress contract from Public","Preserve business authority; UI standardized through SCDS","M5 Inventory Gate 36258340099; ledger replay/idempotency; count draft/finalize; Deferred conflict; accounted recipe snapshot","Retire alternate direct mutation routes","High","migrated"
"Supply/Purchase","modules/Supply/; admin/purchases.php; batch purchase additions","Supply need/status/receipt and purchasing","apps/local-web","refactor_then_migrate","Local Web","Deferred-safe Public ingress + canonical Inventory movement contract","Preserve Need/Preparing/physical Receive semantics","M5 Supply Gate 36259004015; batch atomicity; duplicate receipt; partial/over receive; Deferred review","Retire duplicate direct stock receive paths","High","migrated"
"Expenses","includes/expenses.php; admin/expenses.php","General café expense workflow","apps/local-web","refactor_then_migrate","Local Web","Deferred-safe expense.create + Financial Period identity","Immutable rows; reversal/correction append-only; purchasing not duplicated","M5 Expenses Gate 36260585942; idempotency; reversal; atomic correction; closed-period review","Retire alternate direct expense mutation paths","Medium/High due finance","migrated"
"Financial periods/settlement","includes/settlement.php; admin/financial_periods.php; itemized settlement","Financial period numbering/close then Settlement/Reconciliation","apps/local-web","refactor_then_migrate","Local Web","Public Deferred close-status + canonical Settlement contracts","Pending/review/Public-unknown block close; override audited; no silent reopen/back-post","M5.9 period gate then M5.10 settlement/itemized/lost-ACK gates","Retire silent reopen/back-post and duplicate financial mutation owners","Blocker-class correctness","in_progress"
"Preparation permissions","includes/preparation_permissions.php; waiter/operator preparation routes","Visible vs actionable preparation areas","apps/local-web","migrate","Local Web","Projected remote scope contract","Preserve frozen semantics: assigned mutation only; supervision read-only global","M5 Preparation Gate 36254559171; capability matrix; claim idempotency/conflict; remote actor revalidation","Retire role-name/admin-only inference","Blocker-class authorization","migrated"
"Guest rendering/runtime","includes/guest_menu_view.php; menu/index.php; assets/js/menu.js","Canonical guest view and interaction behavior","apps/local-web + apps/public","split","Local owns business/catalog source; Public owns published snapshot/runtime storage","Versioned publish snapshot + shared guest contract","One approved Guest product language; SCDS domain pattern; offline/degraded semantics consistent","publish atomicity; degraded read-only; guest browser; compatibility contract","Retire forked renderers/routes and rejected legacy style owners after migration","High: shared behavior without shared business DB","ready"
"Public Edge","public_edge/","Guest edge, remote gateway, projections, relay-facing API and Public DB","apps/public","refactor_then_migrate","Public","Versioned Local/Public contracts","Public is not business authority; SCDS-compatible user-facing surfaces","Public MariaDB; auth/signature; stale/degraded; relay; projection tests","Remove any Local business-table assumptions or duplicated business rules","Blocker-class trust boundary","in_progress"
"Realtime relay","includes/relay_protocol.php; relay_client.php; relay_dispatch.php; relay_projection.php; relay_actor.php; tools/relay-worker.php; public_edge relay endpoints","Durable realtime Local-required mutations","apps/local-web + apps/public + contracts","split","Local owns canonical business effect; Public owns relay queue state","Versioned signed relay protocol with idempotency/lease/ACK semantics","Operational state language shared by SCDS; no surprise-commit UI","expiry; claim lease; lost ACK; exactly-once effect; replay; auth","Remove protocol copies and route-specific ad-hoc signing","Blocker: must remain separate from deferred-safe state machine","in_progress"
"Deferred-safe work","includes/deferred.php; public_edge deferred endpoints; tools/deferred-worker.php","Offline/deferred-safe pending work and reconciliation","apps/local-web + apps/public + contracts","split","Public owns pending transport state; Local owns validation/commit/review","Separate versioned deferred contract","pending/deferred/needs_review/conflict/stale use canonical SCDS state semantics","reconcile; conflict; closed-period late event; idempotency; connectivity gates","Never merge with realtime relay; retire duplicate queue semantics","Blocker","in_progress"
"Notifications/Push","includes/push.php; push_event_queue; tools/push-worker.php; service-worker.js; runtime supervision","Durable notification outbox, processing and delivery UX","apps/local-web + windows/runtime + apps/public where client surface applies","split","Local DB owns durable business outbox; Runtime owns scheduled processing/supervision","Runtime trigger/health contract; client notification contract","Push is attention channel, not truth; failure does not roll back business mutation","outbox retry; stale/actionability guard; failure isolation; runtime supervision","Retire request-time worker as dependency; keep only accelerator/fallback if justified","Medium/High","ready"
"Printing - business intent/rendering","includes/printing.php; Print API/business receipt/preparation template owners","Print intent, document selection, business receipt/ticket content","apps/local-web","refactor_then_migrate","Local Web","Versioned Local-to-Print Agent submission contract","Receipt/preparation vocabulary and UI follow SCDS/product language","receipt/ticket snapshots; tax separation; idempotent submission request","Remove OS/spooler logic from PHP and duplicate render owners","High","ready"
"Printing - OS execution","runtime/print-worker/source/; print-agent/v4/ historical state machine; audited Pagent lineage","Printer/driver/spooler execution, durable submission fence and device diagnostics","windows/print-agent","refactor_then_migrate","Print Agent","Versioned loopback/machine-auth Print contract supervised by Runtime","Print unavailable is explicit degraded state; no business decision in agent","restart/retry; SQLite/state recovery; spooler transitions; physical printer UAT; service lifecycle","Do not carry standalone legacy Setup/Control UX as product owner; do not duplicate state machine in Runtime/PHP","High: V3 intentionally restores separate deployable Print Agent ownership while preserving mature execution logic","inventory"
"Windows Runtime","runtime/windows/; SoknaRuntimeService.cs; setup/runtime support","Windows service supervision, scheduler, watchdog, diagnostics and OS adapters","windows/runtime","refactor_then_migrate","Runtime","Versioned localhost machine-auth Runtime API","No business UI/business decisions; diagnostics use safe product language","SCM repair/rollback; listener; ACL; secret redaction; service cleanup; Windows integration","Remove any business-rule/data-table access and lifecycle duplication with packaging","High","ready"
"Platform/web stack","runtime/windows/provision-local-https.ps1; Apache owner/template; prerequisite manifests; web/PHP/MariaDB provisioning work","Approved infrastructure dependencies and machine provisioning","platform","refactor_then_migrate","Platform lifecycle state","Packaging invokes Platform lifecycle; app packages do not own prerequisites","End user never manually runs ps1; Setup UI composes behind the scenes","clean-machine prerequisite; Apache/PHP/MariaDB health; TLS preservation; Persian paths","Retire legacy manual prerequisite assumptions and obsolete installer ownership","High: dev39 Phase8B full clean-machine acceptance was incomplete","inventory"
"Installer/bootstrapper","Inno setup work; setup-machine.php; setup_install.php; setup-sokna.ps1; setup host/UI","End-user Setup.exe composition for New/Recover/Repair/Uninstall","packaging + platform + component lifecycle owners","replace","Packaging owns composition state; components own their payload/lifecycle state","Installer calls versioned component/platform lifecycle contracts","Simple trusted Setup UI; PowerShell/.NET may run behind it but user does not execute scripts","New/Recover/Repair/Uninstall; failure rollback; Installed Apps/shortcuts; clean machine; UAT","Do not revive WiX path; do not make installer owner of active Local app files","Blocker: dev39 final installer not published/accepted","inventory"
"Updater - application","includes/maintenance.php; updater tools; release package format","Local/Public application update staging, validation, activation and rollback","packaging + target app owner","refactor_then_migrate","Target application data; packaging metadata","Immutable full-package contract; delta optional; compatibility manifest","Admin UI follows SCDS; update state uses canonical pending/error/recovery semantics","same-version repair source; staged activation; rollback; compatibility; signature/hash","Retire delta-only repair assumptions and overwrite-in-place paths","High","ready"
"Backup/Recovery","backup import/restore; recovery tools; SKBF1 owners","Business backup, restore and machine recovery orchestration","apps/local-web + packaging/platform orchestration","split","Local owns business backup data; machine/platform secrets remain separately owned","Recovery set/manifest contract; machine identity exclusion","Recovery UI clearly separates data recovery from app repair/update","integrity/encryption; restore; empty-target recover; takeover; failure isolation","Do not back up machine signing identity; retire duplicate recovery owners","High","ready"
"Observability/Diagnostics","includes/observability.php; health/support ZIP; runtime diagnostics","Correlation, redaction, component health and support evidence","contracts + each component; Runtime aggregates machine health","split","Each owner owns its logs/state","Versioned health/support schema","No raw secret/technical error leakage to ordinary UI","correlation; redaction canaries; held-open/missing logs; component health","Retire scattered unredacted/log-format islands","Medium","ready"
"Accommodation integration","includes/accommodation.php; admin/accommodation*.php; transport integration","Cafe accommodation business contract and external transport","apps/local-web + contracts","refactor_then_migrate","Local Web","Versioned accommodation contract; transport separated from settlement/recovery","Preserve business workflow; finance UI uses SCDS","settlement; unavailable transport; recovery; shared finance acceptance","Remove coupling where transport failure mutates unrelated business owners","Medium/High: dev39 shared finance acceptance remained open","inventory"
"SOKNA Center integration","includes/sokna_center.php; api/sokna_center_users.php; admin/personnel.php","Outbound/capability-gated Center integration","apps/local-web + contracts","refactor_then_migrate","Local Web","Versioned outbound Center contract","Local permission authority remains canonical","Center unavailable; projection; capability gate; legacy inbound compatibility","Retire inbound legacy directory only after external migration is proven","Medium","inventory"
"Theme/media publishing","guest CSS/assets/local media; guest_publish owners","Versioned guest theme/media snapshot publishing","apps/local-web + apps/public","split","Local owns source/publish decision; Public owns published artifacts","Immutable media/theme revision manifest","Guest/Public consumes SCDS-approved tokens/patterns without arbitrary CSS injection","asset atomicity; missing media; revision rollback; sandbox/security","Retire direct local-file assumptions and uncontrolled theme CSS paths","Medium/High","inventory"
"UI Design System","docs/ui-design-system/*; legacy CSS/JS/markup owners","Canonical tokens/components/product language/state/a11y/responsive rules","V3 UI_DESIGN_SYSTEM.md + docs/ui-design-system/* + consuming app layers","refactor_then_migrate","N/A","Component registry and migration inventory are contracts","Authority is SCDS-CANONICAL-2026-R1; Audit->Correct->Standardize->Migrate->Enforce","registry validation; RTL/Persian; 320..1440; keyboard/focus; visual/browser; debt ratchet","Reject older Design System authority; remove parallel selectors/style islands per migrated slice","High cross-cutting","ready"
"Local database/schema","database/schema.sql; local migrations; domain tables","Canonical business schema and migrations","apps/local-web","refactor_then_migrate","Local Web","Only Local exposes business data via contracts; Runtime/Public do not write tables","No direct UI implication except migration/error safety","migration forward/backward compatibility; MariaDB; expand-migrate-contract","Remove cross-component SQL writes and schema ownership ambiguity","Blocker-class data integrity","in_progress"
"Public database/schema","public_edge/database/migrations/*","Relay/projection/Public-owned persistence","apps/public","migrate","Public","Local/Public contracts define allowed data; no full business DB clone","Public stale/degraded states use SCDS semantics","Public MariaDB migrations; replay; projection; retention","Remove any unnecessary business-column mirroring","High","migrated"
"Contracts/protocol docs","relay/auth/signature schemas; API_CONTRACTS; Print shared contract; Center/accommodation contracts","Versioned inter-component APIs and compatibility ranges","contracts","refactor_then_migrate","N/A","Single canonical schema/version per boundary","User-facing vocabulary stays in SCDS; protocol names may remain technical","schema/consumer compatibility; signature; backward compatibility gates","Retire duplicated prose/code constants after executable contract owner exists","High","ready"
"Tests/regression suites","tests/*; CI gates; browser fixtures; Windows harness","Component, contract, browser, DB, Windows and UAT evidence","tests + component-local test suites","refactor_then_migrate","N/A","CI path impact map","Tests must enforce SCDS/ownership rather than freeze rejected legacy defects","foundation; component; contract; MariaDB; browser; Windows; real-device UAT matrix","Retire tests whose only purpose is enforcing rejected legacy design once replacement gate exists","High if blind copy freezes debt","ready"
"Historical docs/releases/handoffs","docs historical release notes; superseded handoffs; old Design System files","Provenance and traceability","historical repository + selective V3 references","reference_only","N/A","Exact commit/path references from V3 lineage/matrix","Not a runtime/product authority unless explicitly promoted","link/reference validation where practical","Do not bulk-copy the historical documentation tree into active V3 authority","Low runtime / High confusion risk","inventory"